Journal Data Filtered By:  Selected Categories: PHILOSOPHY Selected Editions: SCIE;SSCI;AHCI;ESCI Selected JCR Year: 2021 Selected Category Schema: WOS Selected Open Access: N Indicator: Default,,,,,,,,,
,,,,,,,,,
Journal name,JCR Abbreviation,ISSN,eISSN,Category,Total Citations,2021 JIF,JIF Quartile,2021 JCI,% of OA Gold
SYNTHESE,SYNTHESE,0039-7857,1573-0964,PHILOSOPHY - AHCI,"8,633",N/A,N/A,2.26,30.99%
PHILOSOPHICAL STUDIES,PHILOS STUD,0031-8116,1573-0883,PHILOSOPHY - AHCI,"6,771",N/A,N/A,2.55,27.09%
JOURNAL OF PHILOSOPHY,J PHILOS,0022-362X,1939-8549,PHILOSOPHY - AHCI,"5,452",N/A,N/A,2.74,0%
NOUS,NOUS,0029-4624,1468-0068,PHILOSOPHY - AHCI,"4,590",N/A,N/A,5.25,12.92%
PHILOSOPHY AND PHENOMENOLOGICAL RESEARCH,PHILOS PHENOMEN RES,0031-8205,1933-1592,PHILOSOPHY - AHCI,"4,179",N/A,N/A,3.23,10.70%
MIND,MIND,0026-4423,1460-2113,PHILOSOPHY - AHCI,"4,102",N/A,N/A,5.4,9.30%
PHILOSOPHICAL REVIEW,PHILOS REV,0031-8108,1558-1470,PHILOSOPHY - AHCI,"4,056",N/A,N/A,5.65,0%
ETHICS,ETHICS,0014-1704,1539-297X,PHILOSOPHY - AHCI,"3,934",N/A,N/A,2.28,3.51%
ANALYSIS,ANALYSIS-UK,0003-2638,1467-8284,PHILOSOPHY - AHCI,"3,166",N/A,N/A,1.59,3.42%
Hypatia-A Journal of Feminist Philosophy,HYPATIA,0887-5367,1527-2001,PHILOSOPHY - AHCI,"2,581",N/A,N/A,1.19,12.10%
AUSTRALASIAN JOURNAL OF PHILOSOPHY,AUSTRALAS J PHILOS,0004-8402,1471-6828,PHILOSOPHY - AHCI,"2,355",N/A,N/A,2.19,11.79%
Philosophy Compass,PHILOS COMPASS,N/A,1747-9991,PHILOSOPHY - AHCI,"2,175",N/A,N/A,2.75,17.39%
ERKENNTNIS,ERKENNTNIS,0165-0106,1572-8420,PHILOSOPHY - AHCI,"2,137",N/A,N/A,1.6,34.47%
JOURNAL OF CONSCIOUSNESS STUDIES,J CONSCIOUSNESS STUD,1355-8250,N/A,PHILOSOPHY - AHCI,"2,131",N/A,N/A,1.44,0%
PHILOSOPHICAL QUARTERLY,PHILOS QUART,0031-8094,1467-9213,PHILOSOPHY - AHCI,"2,009",N/A,N/A,2.15,10.74%
Phenomenology and the Cognitive Sciences,PHENOMENOL COGN SCI,1568-7759,1572-8676,PHILOSOPHY - AHCI,"1,943",N/A,N/A,3.75,39.63%
Ethics and Information Technology,ETHICS INF TECHNOL,1388-1957,1572-8439,PHILOSOPHY - AHCI,"1,876",N/A,N/A,3.08,51.66%
JOURNAL OF PHILOSOPHICAL LOGIC,J PHILOS LOGIC,0022-3611,1573-0433,PHILOSOPHY - AHCI,"1,773",N/A,N/A,2.4,36.25%
INQUIRY-AN INTERDISCIPLINARY JOURNAL OF PHILOSOPHY,INQUIRY,0020-174X,1502-3923,PHILOSOPHY - AHCI,"1,690",N/A,N/A,1.17,14.45%
AMERICAN PHILOSOPHICAL QUARTERLY,AM PHILOS QUART,0003-0481,2152-1123,PHILOSOPHY - AHCI,"1,480",N/A,N/A,1.27,0%
Philosophical Perspectives,PHILOS PERSPECT,1520-8583,1758-2245,PHILOSOPHY - AHCI,"1,384",N/A,N/A,1.98,15.15%
MONIST,MONIST,0026-9662,2153-3601,PHILOSOPHY - AHCI,"1,378",N/A,N/A,1.6,10.64%
TOPOI-AN INTERNATIONAL REVIEW OF PHILOSOPHY,TOPOI-INT REV PHILOS,0167-7411,1572-8749,PHILOSOPHY - AHCI,"1,203",N/A,N/A,2.63,29.57%
JOURNAL OF THE HISTORY OF IDEAS,J HIST IDEAS,0022-5037,1086-3222,PHILOSOPHY - AHCI,"1,198",N/A,N/A,0.8,0%
CANADIAN JOURNAL OF PHILOSOPHY,CAN J PHILOS,0045-5091,1911-0820,PHILOSOPHY - AHCI,"1,187",N/A,N/A,1.85,16.11%
Studia Logica,STUD LOGICA,0039-3215,1572-8730,PHILOSOPHY - AHCI,"1,176",N/A,N/A,1,22.78%
JOURNAL OF AESTHETICS AND ART CRITICISM,J AESTHET ART CRITIC,0021-8529,1540-6245,PHILOSOPHY - AHCI,"1,124",N/A,N/A,2.48,10.64%
Social Epistemology,SOC EPISTEMOL,0269-1728,1464-5297,PHILOSOPHY - AHCI,"1,117",N/A,N/A,1.23,10.91%
Ethical Theory and Moral Practice,ETHICAL THEORY MORAL,1386-2820,1572-8447,PHILOSOPHY - AHCI,"1,072",N/A,N/A,1.77,39.90%
Philosophers Imprint,PHILOS IMPRINT,1533-628X,N/A,PHILOSOPHY - AHCI,"1,040",N/A,N/A,2.57,0%
PACIFIC PHILOSOPHICAL QUARTERLY,PAC PHILOS QUART,0279-0750,1468-0114,PHILOSOPHY - AHCI,"1,030",N/A,N/A,2.07,17.65%
PHILOSOPHY,PHILOSOPHY,0031-8191,1469-817X,PHILOSOPHY - AHCI,"1,027",N/A,N/A,0.95,0%
Journal of Applied Philosophy,J APPL PHILOS,0264-3758,1468-5930,PHILOSOPHY - AHCI,988,N/A,N/A,1.2,24.14%
EUROPEAN JOURNAL OF PHILOSOPHY,EUR J PHILOS,0966-8373,1468-0378,PHILOSOPHY - AHCI,973,N/A,N/A,1.19,23.79%
PHILOSOPHICAL INVESTIGATIONS,PHILOS INVEST,0190-0536,1467-9205,PHILOSOPHY - AHCI,940,N/A,N/A,0.61,8.43%
STUDIES IN PHILOSOPHY AND EDUCATION,STUD PHILOS EDUC,0039-3746,1573-191X,PHILOSOPHY - AHCI,863,N/A,N/A,1.54,28.03%
PHILOSOPHY & SOCIAL CRITICISM,PHILOS SOC CRIT,0191-4537,1461-734X,PHILOSOPHY - AHCI,858,N/A,N/A,0.88,6.32%
METAPHILOSOPHY,METAPHILOSOPHY,0026-1068,1467-9973,PHILOSOPHY - AHCI,854,N/A,N/A,1.06,12.31%
Episteme-A Journal of Individual and Social Epistemology,EPISTEME-J INDIV SOC,1742-3600,1750-0117,PHILOSOPHY - AHCI,854,N/A,N/A,2.91,17.52%
PHILOSOPHY OF THE SOCIAL SCIENCES,PHILOS SOC SCI,0048-3931,1552-7441,PHILOSOPHY - AHCI,827,N/A,N/A,0.77,15.58%
Notre Dame Journal of Formal Logic,NOTRE DAME J FORM L,0029-4527,1939-0726,PHILOSOPHY - AHCI,805,N/A,N/A,0.72,0%
VOPROSY FILOSOFII,VOP FILOS,0042-8744,0042-8744,PHILOSOPHY - AHCI,758,N/A,N/A,0.37,0%
SOCIAL PHILOSOPHY & POLICY,SOC PHILOS POLICY,0265-0525,1471-6437,PHILOSOPHY - AHCI,747,N/A,N/A,0.35,8.96%
Philosophical Papers,PHILOS PAP,0556-8641,1996-8523,PHILOSOPHY - AHCI,739,N/A,N/A,1.08,11.63%
PHILOSOPHIA,PHILOSOPHIA,0048-3893,1574-9274,PHILOSOPHY - AHCI,722,N/A,N/A,0.67,23.46%
Journal of Social Philosophy,J SOC PHILOS,0047-2786,1467-9833,PHILOSOPHY - AHCI,720,N/A,N/A,0.75,19.69%
PHILOSOPHY EAST & WEST,PHILOS EAST WEST,0031-8221,1529-1898,PHILOSOPHY - AHCI,712,N/A,N/A,0.56,0%
Review of Symbolic Logic,REV SYMB LOGIC,1755-0203,1755-0211,PHILOSOPHY - AHCI,707,N/A,N/A,1.14,5.17%
Ratio,RATIO,0034-0006,1467-9329,PHILOSOPHY - AHCI,706,N/A,N/A,0.96,17.71%
SOUTHERN JOURNAL OF PHILOSOPHY,SOUTHERN J PHILOS,0038-4283,2041-6962,PHILOSOPHY - AHCI,648,N/A,N/A,1.09,5.56%
BRITISH JOURNAL OF AESTHETICS,BRIT J AESTHET,0007-0904,1468-2842,PHILOSOPHY - AHCI,636,N/A,N/A,2.23,16.47%
Logique et Analyse,LOG ANAL,0024-5836,2295-5836,PHILOSOPHY - AHCI,635,N/A,N/A,0.6,0%
JOURNAL OF THE HISTORY OF PHILOSOPHY,J HIST PHILOS,0022-5053,1538-4586,PHILOSOPHY - AHCI,632,N/A,N/A,1.13,0%
Philosophical Issues,PHILOS ISSUES,1533-6077,1758-2237,PHILOSOPHY - AHCI,621,N/A,N/A,1.78,17.65%
Argumentation,ARGUMENTATION,0920-427X,1572-8374,PHILOSOPHY - AHCI,607,N/A,N/A,1.09,23.08%
KENNEDY INSTITUTE OF ETHICS JOURNAL,KENNEDY INST ETHIC J,1054-6863,1086-3249,PHILOSOPHY - AHCI,582,N/A,N/A,1.16,4%
Journal of Ethics,J ETHICS,1382-4554,1572-8609,PHILOSOPHY - ESCI,580,N/A,N/A,0.65,30.11%
PHRONESIS-A JOURNAL FOR ANCIENT PHILOSOPHY,PHRONESIS,0031-8868,1568-5284,PHILOSOPHY - AHCI,572,N/A,N/A,1.04,7.14%
Historical Materialism-Research in Critical Marxist Theory,HIST MATER,1465-4466,1569-206X,PHILOSOPHY - AHCI,569,N/A,N/A,0.76,7.55%
Informal Logic,INFORMAL LOG,0824-2577,0824-2577,PHILOSOPHY - AHCI,536,N/A,N/A,1.93,26.23%
REVIEW OF METAPHYSICS,REV METAPHYS,0034-6632,2154-1302,PHILOSOPHY - AHCI,531,N/A,N/A,0.25,0%
Philosophy Psychiatry & Psychology,PHILOS PSYCHIATR PSY,1071-6076,1086-3303,PHILOSOPHY - ESCI,503,N/A,N/A,1.16,0%
Utilitas,UTILITAS,0953-8208,1741-6183,PHILOSOPHY - AHCI,500,N/A,N/A,1.1,18.67%
HISTORY OF EUROPEAN IDEAS,HIST EUR IDEA,0191-6599,1873-541X,PHILOSOPHY - AHCI,460,N/A,N/A,0.57,17.15%
British Journal for the History of Philosophy,BRIT J HIST PHILOS,0960-8788,1469-3526,PHILOSOPHY - AHCI,459,N/A,N/A,0.82,10.16%
PHILOSOPHY AND RHETORIC,PHILOS RHETORIC,0031-8213,1527-2079,PHILOSOPHY - AHCI,450,N/A,N/A,1.2,0%
TRANSACTIONS OF THE CHARLES S PEIRCE SOCIETY,T C S PEIRCE SOC,0009-1774,1558-9587,PHILOSOPHY - AHCI,438,N/A,N/A,0.55,0%
JOURNAL OF VALUE INQUIRY,J VALUE INQUIRY,0022-5363,1573-0492,PHILOSOPHY - AHCI,424,N/A,N/A,0.58,19.88%
INTERNATIONAL JOURNAL OF PHILOSOPHICAL STUDIES,INT J PHILOS STUD,0967-2559,1466-4542,PHILOSOPHY - AHCI,402,N/A,N/A,0.97,11.21%
Philosophy Ethics and Humanities in Medicine,PHILOS ETHICS HUM ME,1747-5341,1747-5341,PHILOSOPHY - AHCI,390,N/A,N/A,1.48,100%
Philosophia Mathematica,PHILOS MATH,0031-8019,1744-6406,PHILOSOPHY - AHCI,388,N/A,N/A,1.2,4.55%
KANT-STUDIEN,KANT-STUD,0022-8877,1613-1134,PHILOSOPHY - AHCI,386,N/A,N/A,0.66,3.03%
Faith and Philosophy,FAITH PHILOS,0739-7046,2153-3393,PHILOSOPHY - ESCI,372,N/A,N/A,0.8,41.07%
Rhetoric Society Quarterly,RHETOR SOC Q,0277-3945,1930-322X,PHILOSOPHY - AHCI,372,N/A,N/A,2.48,2.70%
Analytic Philosophy,ANAL PHILOS,2153-9596,2153-960X,PHILOSOPHY - AHCI,369,N/A,N/A,1.43,9.30%
CONTINENTAL PHILOSOPHY REVIEW,CONT PHILOS REV,1387-2842,1573-1103,PHILOSOPHY - AHCI,369,N/A,N/A,0.77,26.04%
Contemporary Buddhism,CONTEMP BUDDHISM,1463-9947,1476-7953,PHILOSOPHY - AHCI,366,N/A,N/A,0.88,3.70%
Journal of Critical Realism,J CRIT REALISM,1476-7430,1572-5138,PHILOSOPHY - ESCI,363,N/A,N/A,1.47,14.14%
JOURNAL OF INDIAN PHILOSOPHY,J INDIAN PHILOS,0022-1791,1573-0395,PHILOSOPHY - AHCI,345,N/A,N/A,0.76,20.17%
Ergo-An Open Access Journal of Philosophy,ERGO-ANN ARBOR,2330-4014,2330-4014,PHILOSOPHY - AHCI,345,N/A,N/A,1.48,74.77%
JOURNAL OF CHINESE PHILOSOPHY,J CHINESE PHILOS,0301-8121,1540-6253,PHILOSOPHY - AHCI,341,N/A,N/A,0.54,0%
Res Publica-A Journal of Moral Legal and Political Philosophy,RES PUBLICA-NETH,1356-4765,1572-8692,PHILOSOPHY - AHCI,341,N/A,N/A,1.28,34.17%
PHILOSOPHY TODAY,PHILOS TODAY,0031-8256,2329-8596,PHILOSOPHY - AHCI,336,N/A,N/A,0.39,0%
Journal of Moral Philosophy,J MORAL PHILOS,1740-4681,1745-5243,PHILOSOPHY - AHCI,335,N/A,N/A,0.51,15.07%
Journal of the American Philosophical Association,J AM PHILOS ASSOC,2053-4477,2053-4485,PHILOSOPHY - AHCI,331,N/A,N/A,1.81,16.04%
Thought-A Journal of Philosophy,THOUGHT-J PHILOS,2161-2234,2161-2234,PHILOSOPHY - AHCI,306,N/A,N/A,0.89,21.28%
DIALOGUE-CANADIAN PHILOSOPHICAL REVIEW,DIALOGUE-CAN PHILOS,0012-2173,1759-0949,PHILOSOPHY - AHCI,306,N/A,N/A,0.44,7.34%
INTERNATIONAL JOURNAL FOR PHILOSOPHY OF RELIGION,INT J PHILOS RELIG,0020-7047,1572-8684,PHILOSOPHY - AHCI,294,N/A,N/A,0.96,21.65%
Journal of Speculative Philosophy,J SPECUL PHILOS,0891-625X,1527-9383,PHILOSOPHY - AHCI,281,N/A,N/A,0.59,0%
Journal of Logic Language and Information,J LOGIC LANG INFORM,0925-8531,1572-9583,PHILOSOPHY - AHCI,277,N/A,N/A,0.65,40.58%
REVUE DE METAPHYSIQUE ET DE MORALE,REV METAPHYS MORALE,0035-1571,2102-5177,PHILOSOPHY - AHCI,270,N/A,N/A,0.04,0%
SOUTH AFRICAN JOURNAL OF PHILOSOPHY,S AFR J PHILOS,0258-0136,2073-4867,PHILOSOPHY - AHCI,263,N/A,N/A,0.59,3.30%
Constructivist Foundations,CONSTR FOUND,1782-348X,N/A,PHILOSOPHY - AHCI,262,N/A,N/A,1.66,0%
HISTORY AND PHILOSOPHY OF LOGIC,HIST PHILOS LOGIC,0144-5340,1464-5149,PHILOSOPHY - AHCI,256,N/A,N/A,0.54,8.97%
Sophia,SOPHIA,0038-1527,1873-930X,PHILOSOPHY - AHCI,251,N/A,N/A,0.48,13.66%
Ethics and the Environment,ETHICS ENVIRON,1085-6633,1535-5306,PHILOSOPHY - ESCI,251,N/A,N/A,0.94,0%
Axiomathes,AXIOMATHES,1122-1151,1572-8390,PHILOSOPHY - AHCI,248,N/A,N/A,0.59,29.95%
REVUE INTERNATIONALE DE PHILOSOPHIE,REV INT PHILOS,0048-8143,2033-0138,PHILOSOPHY - AHCI,241,N/A,N/A,0.11,0%
ARCHIV FUR GESCHICHTE DER PHILOSOPHIE,ARCH GESCH PHILOS,0003-9101,1613-0650,PHILOSOPHY - AHCI,241,N/A,N/A,0.52,7.77%
Grazer Philosophische Studien-International Journal for Analytic Philosophy,GRAZER PHILOS STUD,0165-9227,1875-6735,PHILOSOPHY - ESCI,235,N/A,N/A,1.3,10.99%
Res Philosophica,RES PHILOS,2168-9105,2168-9113,PHILOSOPHY - AHCI,228,N/A,N/A,1.17,0%
Journal of Philosophical Research,J PHILOS RES,1053-8364,2153-7984,PHILOSOPHY - AHCI,222,N/A,N/A,0.6,0%
ASIAN PHILOSOPHY,ASIAN PHILOS,0955-2367,1469-2961,PHILOSOPHY - AHCI,221,N/A,N/A,0.58,3.61%
Dao-A Journal of Comparative Philosophy,DAO,1540-3009,1569-7274,PHILOSOPHY - AHCI,220,N/A,N/A,0.75,3.49%
Kantian Review,KANTIAN REV,1369-4154,2044-2394,PHILOSOPHY - AHCI,218,N/A,N/A,1.08,18.60%
Acta Analytica-International Periodical for Philosophy in the Analytical Tradition,ACTA ANAL,0353-5150,1874-6349,PHILOSOPHY - AHCI,214,N/A,N/A,0.95,19.71%
REVUE PHILOSOPHIQUE DE LA FRANCE ET DE L ETRANGER,REV PHILOS FR ETRANG,0035-3833,2104-385X,PHILOSOPHY - AHCI,213,N/A,N/A,0.1,0%
Cinta de Moebio,CINTA MOEBIO,0717-554X,0717-554X,PHILOSOPHY - ESCI,211,N/A,N/A,0.53,97.10%
PHILOSOPHICAL FORUM,PHILOS FORUM,0031-806X,1467-9191,PHILOSOPHY - AHCI,206,N/A,N/A,0.29,6.15%
Theoria-A Swedish Journal of Philosophy,THEORIA-SWED J PHILO,0040-5825,1755-2567,PHILOSOPHY - AHCI,200,N/A,N/A,0.73,30.52%
Philosophies,PHILOSOPHIES,N/A,2409-9287,PHILOSOPHY - ESCI,194,N/A,N/A,0.74,92.46%
THOMIST,THOMIST,0040-6325,N/A,PHILOSOPHY - AHCI,186,N/A,N/A,0.57,0%
HEYTHROP JOURNAL,HEYTHROP J,0018-1196,1468-2265,PHILOSOPHY - AHCI,178,N/A,N/A,0.4,1.83%
AMERICAN CATHOLIC PHILOSOPHICAL QUARTERLY,AM CATH PHILOS QUART,1051-3558,2153-8441,PHILOSOPHY - AHCI,178,N/A,N/A,0.59,0%
RESEARCH IN PHENOMENOLOGY,RES PHENOMENOL,0085-5553,1569-1640,PHILOSOPHY - AHCI,175,N/A,N/A,0.38,6.06%
JOURNAL OF THE BRITISH SOCIETY FOR PHENOMENOLOGY,J BRIT SOC PHENOMEN,0007-1773,2332-0486,PHILOSOPHY - AHCI,175,N/A,N/A,0.85,4.82%
Doxa-Cuadernos de Filosofia y Derecho,DOXA,0214-8676,2386-4702,PHILOSOPHY - ESCI,169,N/A,N/A,0.18,100%
CRITICA-REVISTA HISPANOAMERICANA DE FILOSOFIA,CRITICA,0011-1503,1870-4905,PHILOSOPHY - AHCI,169,N/A,N/A,0.17,100%
HUSSERL STUDIES,HUSSERL STUD,0167-9848,1572-8501,PHILOSOPHY - AHCI,167,N/A,N/A,1.75,17.78%
Ethical Perspectives,ETHICAL PERSPECT,1370-0049,1783-1431,PHILOSOPHY - AHCI,166,N/A,N/A,0.21,0%
Logic and Logical Philosophy,LOG LOG PHILOS,1425-3305,2300-9802,PHILOSOPHY - ESCI,165,N/A,N/A,1.09,95.56%
Epistemology & Philosophy of Science-Epistemologiya i Filosofiya Nauki,EPISTEMOL PHILOS SCI,1811-833X,2311-7133,PHILOSOPHY - ESCI,158,N/A,N/A,0.75,0%
Isegoria,ISEGORIA,1130-2097,1988-8376,PHILOSOPHY - AHCI,153,N/A,N/A,0.11,85.42%
FILOZOFIA,FILOZOFIA,0046-385X,2585-7061,PHILOSOPHY - AHCI,151,N/A,N/A,0.53,99.38%
INTERNATIONAL PHILOSOPHICAL QUARTERLY,INT PHILOS QUART,0019-0365,2153-8077,PHILOSOPHY - AHCI,151,N/A,N/A,0.23,0%
Ideas y Valores,IDEAS VALORES,0120-0062,2011-3668,PHILOSOPHY - AHCI,139,N/A,N/A,0.13,78.10%
European Journal for Philosophy of Religion,EUR J PHILOS RELIG,1689-8311,1689-8311,PHILOSOPHY - AHCI,131,N/A,N/A,0.56,0%
PENSAMIENTO,PENSAMIENTO,0031-4749,2386-5822,PHILOSOPHY - AHCI,130,N/A,N/A,0.16,85.43%
DEUTSCHE ZEITSCHRIFT FUR PHILOSOPHIE,DEUT Z PHILOS,0012-1045,2192-1482,PHILOSOPHY - AHCI,130,N/A,N/A,0.32,3.62%
Phenomenology & Practice,PHENOMENOL PRACT,1913-4711,1913-4711,PHILOSOPHY - ESCI,129,N/A,N/A,0.45,16.67%
OXFORD LITERARY REVIEW,OXFORD LITERARY REV,0305-1498,1757-1634,PHILOSOPHY - AHCI,124,N/A,N/A,0.57,0%
Metaphysica-International Journal for Ontology & Metaphysics,METAPHYSICA,1437-2053,1874-6373,PHILOSOPHY - ESCI,124,N/A,N/A,0.73,9.43%
Logos,LOGOS-RUSS,0869-5377,2499-9628,PHILOSOPHY - ESCI,123,N/A,N/A,0.44,0%
Filosofija-Sociologija,FILOS-SOCIOL,0235-7186,0235-7186,PHILOSOPHY - AHCI,123,N/A,N/A,0.53,0.81%
Disputatio-International Journal of Philosophy,DISPUTATIO,0873-626X,0873-626X,PHILOSOPHY - ESCI,118,N/A,N/A,0.96,70.21%
ETUDES PHILOSOPHIQUES,ETUD PHILOS,0014-2166,2101-0056,PHILOSOPHY - AHCI,117,N/A,N/A,0.06,0%
Cosmos and History-The Journal of Natural and Social Philosophy,COSM HIST,1832-9101,1832-9101,PHILOSOPHY - ESCI,117,N/A,N/A,0.32,0%
Teorema,TEOREMA,0210-1602,N/A,PHILOSOPHY - AHCI,116,N/A,N/A,0.31,0%
Cultura-International Journal of Philosophy of Culture and Axiology,CULTURA,1584-1057,2065-5002,PHILOSOPHY - AHCI,116,N/A,N/A,0.2,0%
Revista de Filosofia,REV FILOS-SANTIAGO,0034-8236,0718-4360,PHILOSOPHY - AHCI,114,N/A,N/A,0.1,0%
RIVISTA DI FILOSOFIA NEO-SCOLASTICA,RIV FILOS NEO-SCOLAS,0035-6247,0035-6247,PHILOSOPHY - AHCI,114,N/A,N/A,0.09,0%
Revue de Synthese,REV SYNTH,0035-1776,1955-2343,PHILOSOPHY - AHCI,113,N/A,N/A,0.23,0%
Journal of Nietzsche Studies,J NIETZSCHE STUD,0968-8005,1538-4594,PHILOSOPHY - AHCI,113,N/A,N/A,0.86,0%
Cinema-Journal of Philosophy and the Moving Image,CINEMA,1647-8991,1647-8991,PHILOSOPHY - ESCI,113,N/A,N/A,0.03,0%
Trans-Form-Acao,TRANS-FORM-ACAO,0101-3173,1980-539X,PHILOSOPHY - AHCI,112,N/A,N/A,0.36,99.53%
STUDIES IN EAST EUROPEAN THOUGHT,STUD E EUR THOUGHT,0925-9392,1573-0948,PHILOSOPHY - AHCI,112,N/A,N/A,0.25,36.08%
Humana Mente-Journal of Philosophical Studies,HUMANA MENTE,1972-1293,1972-1293,PHILOSOPHY - ESCI,112,N/A,N/A,0.7,0%
Teaching Philosophy,TEACH PHILOS,0145-5788,2153-6619,PHILOSOPHY - AHCI,110,N/A,N/A,0.55,0%
ZEITSCHRIFT FUR PHILOSOPHISCHE FORSCHUNG,Z PHILOS FORSCH,0044-3301,1439-2615,PHILOSOPHY - AHCI,110,N/A,N/A,0.21,0%
European Journal of Pragmatism and American Philosophy,EUR J PRAGMAT AM PHI,2036-4091,2036-4091,PHILOSOPHY - ESCI,110,N/A,N/A,0.21,36.59%
RIVISTA DI STORIA DELLA FILOSOFIA,RIV STOR FILOS,0393-2516,N/A,PHILOSOPHY - AHCI,108,N/A,N/A,0.11,0%
Aisthesis-Pratiche Linguaggi e Saperi dell Estetico,AISTHESIS,2035-8466,2035-8466,PHILOSOPHY - ESCI,108,N/A,N/A,0.23,32.97%
VIVARIUM-AN INTERNATIONAL JOURNAL FOR THE PHILOSOPHY AND INTELLECTUAL LIFE OF THE MIDDLE AGES AND RENAISSANCE,VIVARIUM,0042-7543,N/A,PHILOSOPHY - AHCI,107,N/A,N/A,1.32,5.56%
Contemporary Pragmatism,CONTEMP PRAGMAT,1572-3429,1875-8185,PHILOSOPHY - AHCI,105,N/A,N/A,0.37,9.68%
Eikasia-Revista de Filosofia,EIKASIA,1885-5679,1885-5679,PHILOSOPHY - ESCI,105,N/A,N/A,0.03,0%
Philosophy and Cosmology-Filosofiya i Kosmologiya,PHILOS COSMOL,2307-3705,2518-1866,PHILOSOPHY - ESCI,104,N/A,N/A,1.49,64.95%
Journal of the Philosophy of History,J PHILOS HIST,1872-261X,1872-2636,PHILOSOPHY - AHCI,103,N/A,N/A,1.31,12.28%
PhiloSOPHIA-A Journal of Continental Feminism,PHILOSOPHIA-J CONT F,2155-0891,2155-0905,PHILOSOPHY - ESCI,102,N/A,N/A,1.01,0%
REVUE PHILOSOPHIQUE DE LOUVAIN,REV PHILOS LOUVAIN,0035-3841,1783-1768,PHILOSOPHY - AHCI,100,N/A,N/A,0.06,0%
Araucaria-Revista Iberoamericana de Filosofia Politica y Humanidades,ARAUCARIA,1575-6823,2340-2199,PHILOSOPHY - ESCI,96,N/A,N/A,0.17,99%
Daimon-Revista Internacional de Filosofia,DAIMON,1130-0507,1989-4651,PHILOSOPHY - ESCI,95,N/A,N/A,0.13,88.06%
Telos,TELOS-US,0090-6514,1940-459X,PHILOSOPHY - AHCI,94,N/A,N/A,0.1,0%
Christian Bioethics,CHRIST BIOET,1380-3603,1744-4195,PHILOSOPHY - AHCI,94,N/A,N/A,1.31,3.77%
Apeiron-A Journal for Ancient Philosophy and Science,APEIRON-J ANC PHILOS,0003-6390,2156-7093,PHILOSOPHY - ESCI,94,N/A,N/A,0.42,8.33%
CLIO-A JOURNAL OF LITERATURE HISTORY AND THE PHILOSOPHY OF HISTORY,CLIO,0884-2043,0884-2043,PHILOSOPHY - AHCI,94,N/A,N/A,0.84,0%
Augustinian Studies,AUGUSTIN STUD,0094-5323,2153-7917,PHILOSOPHY - AHCI,91,N/A,N/A,0.7,0%
Croatian Journal of Philosophy,CROAT J PHILOS,1333-1108,1847-6139,PHILOSOPHY - AHCI,91,N/A,N/A,0.3,0%
Pluralist,PLURALIST,1930-7365,N/A,PHILOSOPHY - AHCI,90,N/A,N/A,0.44,0%
Argumentos-Revista de Filosofia,ARGUMENTOS,1984-4247,1984-4255,PHILOSOPHY - ESCI,90,N/A,N/A,0.03,75.82%
Anuario Filosofico,ANU FILOS,0066-5215,0066-5215,PHILOSOPHY - AHCI,89,N/A,N/A,0.25,100%
Wisdom,WISDOM,1829-3824,1829-3824,PHILOSOPHY - ESCI,86,N/A,N/A,0.82,96.23%
Etica & Politica,ETICA POLITICA,1825-5167,1825-5167,PHILOSOPHY - ESCI,86,N/A,N/A,0.1,0%
Rivista di Estetica,RIV ESTET,0035-6212,0035-6212,PHILOSOPHY - AHCI,86,N/A,N/A,0.25,54.43%
Frontiers of Philosophy in China,FRONT PHILOS CHINA,1673-3436,1673-355X,PHILOSOPHY - ESCI,83,N/A,N/A,0.18,0%
Arabic Sciences and Philosophy,ARAB SCI PHILOS,0957-4239,1474-0524,PHILOSOPHY - AHCI,82,N/A,N/A,0.53,13.79%
Open Philosophy,OPEN PHILOS,N/A,2543-8875,PHILOSOPHY - ESCI,79,N/A,N/A,1.11,93.18%
Diametros,DIAMETROS,1733-5566,1733-5566,PHILOSOPHY - ESCI,77,N/A,N/A,0.75,90.48%
LAVAL THEOLOGIQUE ET PHILOSOPHIQUE,LAVAL THEOL PHILOS,0023-9054,1703-8804,PHILOSOPHY - AHCI,77,N/A,N/A,0.11,0%
REVUE DES SCIENCES PHILOSOPHIQUES ET THEOLOGIQUES,REV SCI PHILOS THEOL,0035-2209,2118-4445,PHILOSOPHY - AHCI,77,N/A,N/A,0.13,0%
Derrida Today,DERRIDA TODAY,1754-8500,1754-8519,PHILOSOPHY - ESCI,71,N/A,N/A,0.24,2.50%
Tradition & Discovery,TRADIT DISCOV,1057-1027,2154-1566,PHILOSOPHY - ESCI,70,N/A,N/A,0.1,11.43%
Think-Philosophy for Everyone,THINK-PHILOS EVERYON,1477-1756,1755-1196,PHILOSOPHY - ESCI,69,N/A,N/A,0.17,1.08%
Etikk i Praksis,ETIKK PRAKSIS,1890-3991,1890-4009,PHILOSOPHY - AHCI,68,N/A,N/A,0.25,96.67%
Childhood and Philosophy,CHILD PHILOS,2525-5061,1984-5987,PHILOSOPHY - ESCI,68,N/A,N/A,0.12,70.27%
Recerca-Revista de Pensament & Analisi,RECERCA,1130-6149,2254-4135,PHILOSOPHY - ESCI,67,N/A,N/A,0.65,97.50%
TIJDSCHRIFT VOOR FILOSOFIE,TIJDSCHR FILOS,0040-750X,2031-8952,PHILOSOPHY - AHCI,66,N/A,N/A,0.16,0%
Anales del Seminario de Historia de la Filosofia,AN SEMIN HIST FILOS,0211-2337,1988-2564,PHILOSOPHY - AHCI,66,N/A,N/A,0.23,87.50%
International Journal for the Study of Skepticism,INT J STUDY SKEPT,2210-5697,2210-5700,PHILOSOPHY - ESCI,66,N/A,N/A,0.44,6.25%
Studia Phaenomenologica,STUD PHAENOMENOL,1582-5647,2069-0061,PHILOSOPHY - AHCI,64,N/A,N/A,0.33,0%
Manuscrito,MANUSCRITO,0100-6045,2317-630X,PHILOSOPHY - AHCI,63,N/A,N/A,0.28,97.14%
Filosofskii Zhurnal,FILOS ZHURNAL,2072-0726,2658-4883,PHILOSOPHY - ESCI,63,N/A,N/A,0.43,99.25%
Moral Philosophy and Politics,MORAL PHILOS POLIT,2194-5616,2194-5624,PHILOSOPHY - ESCI,63,N/A,N/A,0.43,26.23%
Comparative Philosophy-An International Journal of Constructive Engagement of Distinct Approaches toward World Philosophy,COMP PHILOS,N/A,2151-6014,PHILOSOPHY - ESCI,63,N/A,N/A,0.49,100%
JOURNAL OF JEWISH THOUGHT & PHILOSOPHY,J JEWISH THOUGHT PH,1053-699X,N/A,PHILOSOPHY - AHCI,62,N/A,N/A,0.36,3.33%
HEGEL-STUDIEN,HEGEL-STUD,0073-1587,N/A,PHILOSOPHY - AHCI,61,N/A,N/A,0.11,0%
Schole-Filosofskoe Antikovedenie i Klassicheskaya Traditsiya-Schole-Ancient Philosophy and the Classical Tradition,SCHOLE-RUSS,1995-4328,1995-4336,PHILOSOPHY - ESCI,61,N/A,N/A,0.41,97.42%
International Journal of Philosophy and Theology,INT J PHILOS THEOL,2169-2327,2169-2335,PHILOSOPHY - ESCI,60,N/A,N/A,0.37,20.73%
RUSSELL-THE JOURNAL OF THE BERTRAND RUSSELL STUDIES,RUSSELL,0036-0163,1913-8032,PHILOSOPHY - AHCI,60,N/A,N/A,0.28,0%
NEUE ZEITSCHRIFT FUR SYSTEMATISCHE THEOLOGIE UND RELIGIONSPHILOSOPHIE,NEUE Z SYST THEOL R,0028-3517,1612-9520,PHILOSOPHY - AHCI,60,N/A,N/A,0.3,8.11%
Organon F,ORGANON F,1335-0668,2585-7150,PHILOSOPHY - AHCI,58,N/A,N/A,0.29,97.67%
FILOZOFSKI VESTNIK,FILOZ VESTN,0353-4510,1581-1239,PHILOSOPHY - AHCI,58,N/A,N/A,0.12,20.75%
PHILOSOPHISCHES JAHRBUCH,PHILOS JAHRB,0031-8183,0031-8183,PHILOSOPHY - AHCI,58,N/A,N/A,0.27,0%
Anthropological Measurements of Philosophical Research,ANTHROPOL MEAS PHILO,2227-7242,2304-9685,PHILOSOPHY - ESCI,58,N/A,N/A,1.06,100%
Phronimon,PHRONIMON,1561-4018,2413-3086,PHILOSOPHY - ESCI,57,N/A,N/A,0.51,90%
Hobbes Studies,HOBBES STUD,0921-5891,1875-0257,PHILOSOPHY - ESCI,57,N/A,N/A,0.57,4.35%
Estetika-The European Journal of Aesthetics,ESTETIKA,N/A,2571-0915,PHILOSOPHY - AHCI,55,N/A,N/A,0.65,61.29%
Symposium-Canadian Journal of Continental Philosophy,SYMP-CAN J CONT PHIL,1917-9685,2154-5278,PHILOSOPHY - ESCI,55,N/A,N/A,0.14,0%
FILOSOFICKY CASOPIS,FILOS CAS,0015-1831,N/A,PHILOSOPHY - AHCI,54,N/A,N/A,0.1,26.90%
Sartre Studies International,SARTRE STUD INT,1357-1559,1357-1559,PHILOSOPHY - ESCI,54,N/A,N/A,0.27,0%
Journal of French and Francophone Philosophy,J FR FRANCOPH PHILOS,1936-6280,2155-1162,PHILOSOPHY - ESCI,54,N/A,N/A,0.37,100%
INTERPRETATION-A JOURNAL OF POLITICAL PHILOSOPHY,INTERPRETATION-J POL,0020-9635,0020-9635,PHILOSOPHY - AHCI,54,N/A,N/A,0.14,0%
Themata-Revista de Filosofia,THEMATA,0212-8365,2253-900X,PHILOSOPHY - ESCI,53,N/A,N/A,0.09,21.31%
Film-Philosophy,FILM-PHILOS,1466-4615,1466-4615,PHILOSOPHY - AHCI,52,N/A,N/A,0.39,98%
Philosophia Africana,PHILOS AFR,1539-8250,1944-7914,PHILOSOPHY - AHCI,51,N/A,N/A,0.49,0%
Archiv fur Rechts- und Sozialphilosophie,ARCH RECHTS- SOZIALP,0001-2343,2363-5614,PHILOSOPHY - ESCI,50,N/A,N/A,0.16,0%
Topicos-Revista de Filosofia,TOPICOS-MEXICO,0188-6649,2007-8498,PHILOSOPHY - ESCI,48,N/A,N/A,0.14,98.89%
TPM-The Philosophers Magazine,TPM-PHILOS MAG,1354-814X,2048-4674,PHILOSOPHY - ESCI,48,N/A,N/A,0.13,0%
Journal of Scottish Philosophy,J SCOTT PHILOS,1479-6651,1755-2001,PHILOSOPHY - ESCI,48,N/A,N/A,0.15,2.50%
Kairos-Journal of Philosophy & Science,KAIROS,1647-659X,2182-2824,PHILOSOPHY - ESCI,48,N/A,N/A,0.38,100%
GIORNALE CRITICO DELLA FILOSOFIA ITALIANA,GIORN CRIT FILOS IT,0017-0089,N/A,PHILOSOPHY - AHCI,48,N/A,N/A,0.01,0%
Espiritu,ESPIRITU,0014-0716,0014-0716,PHILOSOPHY - ESCI,47,N/A,N/A,0.3,0%
Beytulhikme-An International Journal of Philosophy,BEYTULHIKME,1303-8303,1303-8303,PHILOSOPHY - ESCI,46,N/A,N/A,0.2,0%
Agora-Papeles de Filosofia,AGORA-PAP FILOS,0211-6642,2174-3347,PHILOSOPHY - ESCI,45,N/A,N/A,0.07,98.33%
Philosophy and Society-Filozofija i Drustvo,PHILOS SOC-FILOZOFIJ,0353-5738,2334-8577,PHILOSOPHY - ESCI,45,N/A,N/A,0.31,95.58%
RUSSIAN STUDIES IN PHILOSOPHY,RUSS STUD PHILOS,1061-1967,1558-0431,PHILOSOPHY - AHCI,43,N/A,N/A,0.08,0%
Ragion Pratica,RAGION PRAT,1720-2396,1720-2396,PHILOSOPHY - ESCI,42,N/A,N/A,0.19,0%
Philosophy and Public Issues,PHILOS PUBLIC ISSUES,1591-0660,2240-7987,PHILOSOPHY - ESCI,42,N/A,N/A,0.44,0%
Con-textos Kantianos-International Journal of Philosophy,CON-TEXTOS KANTIANOS,2386-7655,2386-7655,PHILOSOPHY - ESCI,42,N/A,N/A,0.32,0%
Filosofia Politica,FILOS POLIT,0394-7297,0394-7297,PHILOSOPHY - ESCI,41,N/A,N/A,0.03,0%
Problemos,PROBLEMOS,1392-1126,1392-1126,PHILOSOPHY - AHCI,40,N/A,N/A,0.27,97%
IDEALISTIC STUDIES,IDEALISTIC STUD,0046-8541,2153-8239,PHILOSOPHY - AHCI,40,N/A,N/A,0.37,0%
Kritike-An Online Journal of Philosophy,KRITIKE,1908-7330,1908-7330,PHILOSOPHY - ESCI,40,N/A,N/A,0.16,40.82%
Journal of Indian Council of Philosophical Research,J INDIAN COUNC PHILO,0970-7794,2363-9962,PHILOSOPHY - ESCI,40,N/A,N/A,0.13,0%
Philosophiques,PHILOSOPHIQUES,0316-2923,1492-1391,PHILOSOPHY - ESCI,39,N/A,N/A,0.12,0%
Philosophical Inquiries,PHILOS INQ,2281-8618,2282-0248,PHILOSOPHY - ESCI,39,N/A,N/A,0.35,0%
Kriterion-Revista de Filosofia,KRITERION-BELO HORIZ,0100-512X,1981-5336,PHILOSOPHY - AHCI,37,N/A,N/A,0.1,86.24%
Enrahonar-Quaderns de Filosofia,ENRAHONAR,0211-402X,2014-881X,PHILOSOPHY - ESCI,37,N/A,N/A,0.19,96.43%
Logos-Anales del Seminario de Metafisica,LOGOS-AN SEMIN METAF,1575-6866,1988-3242,PHILOSOPHY - ESCI,37,N/A,N/A,0.29,94.23%
Reti Saperi Linguaggi-Italian Journal of Cognitive Sciences,RETI SAPERI LINGUAGG,1826-8889,2279-7777,PHILOSOPHY - ESCI,37,N/A,N/A,0.63,0%
Meta-Research in Hermeneutics Phenomenology and Practical Philosophy,META-RES HERMENEUT P,2067-3655,2067-3655,PHILOSOPHY - ESCI,37,N/A,N/A,0.26,0%
Prolegomena,PROLEGOMENA,1333-4395,N/A,PHILOSOPHY - AHCI,36,N/A,N/A,0.19,0%
Journal of Applied Hermeneutics,J APPL HERMENEUTICS,1927-4416,1927-4416,PHILOSOPHY - ESCI,36,N/A,N/A,0.72,0%
Rivista Internazionale di Filosofia e Psicologia,RIV INT FILOS PSICOL,2039-4667,2239-2629,PHILOSOPHY - ESCI,36,N/A,N/A,0.16,0%
Vestnik Sankt-Peterburgskogo Universiteta-Filosofiya i Konfliktologiya,VESTN ST PETER U-FIL,2542-2278,2541-9382,PHILOSOPHY - ESCI,36,N/A,N/A,0.28,99.37%
Filosofia Unisinos,FILOS UNISINOS,1519-5023,1984-8234,PHILOSOPHY - AHCI,35,N/A,N/A,0.21,98.86%
Comparative and Continental Philosophy,COMP CONT PHILOS,1757-0638,1757-0646,PHILOSOPHY - ESCI,35,N/A,N/A,0.16,4.92%
Aufklarung-Revista de Filosofia,AUFKLARUNG,2318-9428,2318-9428,PHILOSOPHY - ESCI,33,N/A,N/A,0.02,95.56%
Deleuze and Guattari Studies,DELEUZE GUATTARI STU,2398-9777,2398-9785,PHILOSOPHY - AHCI,32,N/A,N/A,0.49,1.23%
Convivium,CONVIVIUM,0010-8235,2255-2855,PHILOSOPHY - AHCI,31,N/A,N/A,0,0%
Teoria-Rivista di Filosofia,TEORIA,1122-1259,N/A,PHILOSOPHY - AHCI,31,N/A,N/A,0.2,0%
CONTEMPORARY CHINESE THOUGHT,CONTEMP CHIN THOUGHT,1097-1467,1558-0997,PHILOSOPHY - AHCI,31,N/A,N/A,0.03,0%
Iride-Filosofia e Discussione Pubblica,IRIDE,1122-7893,1122-7893,PHILOSOPHY - ESCI,31,N/A,N/A,0.09,0%
Acta Philosophica,ACTA PHILOS,1121-2179,1825-6562,PHILOSOPHY - AHCI,30,N/A,N/A,0.1,0%
Methodos-Savoirs et Textes,METHODOS,1769-7379,1769-7379,PHILOSOPHY - ESCI,30,N/A,N/A,0.09,58.70%
Bajo Palabra-Journal of Philosophy,BAJO PALABRA,1576-3935,1887-505X,PHILOSOPHY - ESCI,30,N/A,N/A,0.11,85.54%
PhaenEx-Journal of Existential and Phenomenological Theory and Culture,PHAENEX,1911-1576,1911-1576,PHILOSOPHY - ESCI,30,N/A,N/A,0.5,20%
Dialogues in Philosophy Mental and Neuro Sciences,DIALOGUES PHILOS MEN,2035-0031,2035-0031,PHILOSOPHY - ESCI,29,N/A,N/A,0.64,0%
Filozofska Istrazivanja,FILOZ ISTRAZ,0351-4706,0351-4706,PHILOSOPHY - AHCI,28,N/A,N/A,0.06,98.39%
Balkan Journal of Philosophy,BALK J PHILOS,1313-888X,2367-5438,PHILOSOPHY - ESCI,28,N/A,N/A,0.3,0%
Phainomena,PHAINOMENA,1318-3362,2232-6650,PHILOSOPHY - ESCI,27,N/A,N/A,0.12,0%
Filozofia Nauki,FILOZ NAUK,1230-6894,N/A,PHILOSOPHY - AHCI,27,N/A,N/A,0.29,91.18%
Rhizomata-A Journal for Ancient Philosophy and Science,RHIZOMATA,2196-5102,2196-5110,PHILOSOPHY - ESCI,26,N/A,N/A,0.36,6.06%
Griot-Revista de Filosofia,GRIOT-BRAZIL,2178-1036,2178-1036,PHILOSOPHY - ESCI,25,N/A,N/A,0.05,99.13%
Studia Universitatis Babes-Bolyai Philosophia,ST U BABE-BOL PHILOS,1221-8138,2065-9407,PHILOSOPHY - ESCI,25,N/A,N/A,0.09,0%
Rivista di Filosofia del Diritto-Journal of Legal Philosophy,RIV FILOS DIRIT,2280-482X,2280-482X,PHILOSOPHY - ESCI,25,N/A,N/A,0.28,0%
Rivista di Filosofia,RIV FILOS,0035-6239,0035-6239,PHILOSOPHY - ESCI,24,N/A,N/A,0.08,0%
Revista de Filosofia Aurora,REV FILOS AURORA,0104-4443,1980-5934,PHILOSOPHY - AHCI,24,N/A,N/A,0.16,95.83%
Cuadernos de Filosofia Latinoamericana,CUAD FILOS LATINOAM,0120-8462,2500-5375,PHILOSOPHY - ESCI,24,N/A,N/A,0.07,61.67%
Torres de Lucca-Revista Internacional de Filosofia Politica,TORRES LUCCA,2255-3827,2255-3827,PHILOSOPHY - ESCI,24,N/A,N/A,0.06,0%
Philosophia-International Journal of Philosophy,PHILOS-INT J PHILOS,2244-1875,2244-1883,PHILOSOPHY - AHCI,23,N/A,N/A,0.21,0%
Lebenswelt-Aesthetics and Philosophy of Experience,LEBENSWELT,2240-9599,2240-9599,PHILOSOPHY - ESCI,23,N/A,N/A,0.05,0%
Ingenium-Revista Electronica de Pensamiento Moderno y Metodologia en Historia de la Ideas,INGENIUM,1989-3663,1989-3663,PHILOSOPHY - ESCI,23,N/A,N/A,0.09,69.57%
Analisis Filosofico,ANAL FILOS,0326-1301,1851-9636,PHILOSOPHY - ESCI,22,N/A,N/A,0.21,75.76%
PHILOSOPHISCHE RUNDSCHAU,PHILOS RUNDSCH,0031-8159,1868-7261,PHILOSOPHY - AHCI,22,N/A,N/A,0.02,0%
Hybris-Revista de Filosofia,HYBRIS,N/A,0718-8382,PHILOSOPHY - ESCI,22,N/A,N/A,0.04,0%
Studi Kantiani,STUD KANTIANI,1123-4938,1724-1812,PHILOSOPHY - ESCI,21,N/A,N/A,0.07,0%
Res Publica-Revista de Filosofia Politica,RES PUBLICA-REV FILO,1576-4184,1989-6115,PHILOSOPHY - ESCI,21,N/A,N/A,0.12,95.24%
Kant Yearbook,KANT YEARB,1868-4599,1868-4602,PHILOSOPHY - ESCI,20,N/A,N/A,0.57,0%
Endoxa-Series Filosoficas,ENDOXA-SER-FILOS,1133-5351,2174-5676,PHILOSOPHY - ESCI,20,N/A,N/A,0.04,11.36%
Revista de Filosofia-Madrid,REV FILOS-MADR,0034-8244,1988-284X,PHILOSOPHY - ESCI,20,N/A,N/A,0.14,72.58%
Horizon-Fenomenologicheskie Issledovaniya,HORIZON-RUSS,2226-5260,2311-6986,PHILOSOPHY - ESCI,20,N/A,N/A,0.32,100%
Estudos Kantianos,ESTUD KANTIANOS,2318-0501,2318-0501,PHILOSOPHY - ESCI,19,N/A,N/A,0.12,67.35%
Revue Roumaine de Philosophie,REV ROUM PHILOS,1220-5400,N/A,PHILOSOPHY - AHCI,19,N/A,N/A,0.16,0%
Investigaciones Fenomenologicas,INVESTIG FENOMENOL,1885-1088,1885-1088,PHILOSOPHY - ESCI,19,N/A,N/A,0.01,0%
Revista de Hispanismo Filosofico,REV HISP FILOS,1136-8071,1136-8071,PHILOSOPHY - AHCI,19,N/A,N/A,0.12,0%
Allgemeine Zeitschrift fur Philosophie,ALLG Z PHILOS,0340-7969,N/A,PHILOSOPHY - AHCI,19,N/A,N/A,0.07,0%
Disputatio-Philosophical Research Bulletin,DISPUTATIO-SPAIN,N/A,2254-0601,PHILOSOPHY - ESCI,19,N/A,N/A,0.12,0%
International Journal of the Platonic Tradition,INT J PLATONIC TRADI,1872-5082,1872-5473,PHILOSOPHY - AHCI,19,N/A,N/A,0.22,0%
Noema-Rivista Online di Filosofia,NOEMA,2239-5474,2239-5474,PHILOSOPHY - ESCI,18,N/A,N/A,0.02,0%
Empedocles-European Journal for the Philosophy of Communication,EMPEDOCLES,1757-1952,1757-1960,PHILOSOPHY - ESCI,17,N/A,N/A,0.27,0%
Esercizi Filosofici,ESER FILOS,1970-0164,1970-0164,PHILOSOPHY - ESCI,16,N/A,N/A,0.07,0%
Studia Philosophica Kantiana,STUD PHILOS KANTIANA,1338-7758,1338-7758,PHILOSOPHY - ESCI,16,N/A,N/A,0.14,0%
Journal of Aesthetics and Phenomenology,J AESTHET PHENOMENOL,2053-9320,2053-9339,PHILOSOPHY - ESCI,16,N/A,N/A,0.13,5.26%
UNIVERSITAS-Monthly Review of Philosophy and Culture,UNIVERSITAS-TAIWAN,1015-8383,N/A,PHILOSOPHY - AHCI,15,N/A,N/A,0.02,0%
Plato Journal,PLATO J,2079-7567,2183-4105,PHILOSOPHY - ESCI,14,N/A,N/A,0.09,100%
Asterion-Philosophie Histoire des Idees Pensee Politique,ASTERION,1762-6110,1762-6110,PHILOSOPHY - ESCI,14,N/A,N/A,0.01,75.61%
Filosofiya-Philosophy,FILOSOFIYA,0861-6302,1314-8559,PHILOSOPHY - ESCI,13,N/A,N/A,0.11,0%
Cuestiones de Filosofia,CUEST FILOS,0123-5095,2389-9441,PHILOSOPHY - ESCI,13,N/A,N/A,0.03,50%
VERIFICHE,VERIFICHE,0391-4186,N/A,PHILOSOPHY - AHCI,12,N/A,N/A,0.03,0%
Open Insight,OPEN INSIGHT,2007-2406,2395-8936,PHILOSOPHY - ESCI,12,N/A,N/A,0.06,0%
Prometeica-Revista de Filosofia y Ciencias,PROMETEICA,1852-9488,1852-9488,PHILOSOPHY - ESCI,11,N/A,N/A,0.36,79.07%
Synesis,SYNESIS,1678-6785,1984-6754,PHILOSOPHY - ESCI,10,N/A,N/A,0.04,0%
Bollettino Filosofico,BOLL FILOS,1593-7178,2035-2670,PHILOSOPHY - ESCI,10,N/A,N/A,0.03,0%
Haser-Revista Internacional de Filosofia Aplicada,HASER,2172-055X,2386-4761,PHILOSOPHY - ESCI,10,N/A,N/A,0.16,100%
Revista de Filosofia UIS,REV FILOS UIS,1692-2484,2145-8529,PHILOSOPHY - ESCI,9,N/A,N/A,0.04,100%
Sguardo-Rivista di Filosofia,SGUARDO,2036-6558,2036-6558,PHILOSOPHY - ESCI,9,N/A,N/A,0.04,0%
Pensando-Revista de Filosofia,PENSANDO,2178-843X,2178-843X,PHILOSOPHY - ESCI,6,N/A,N/A,0.05,32.05%
Nuevo Pensamiento-Revista de Filosofia,NUEVO PENSAM,1853-7596,1853-7596,PHILOSOPHY - ESCI,6,N/A,N/A,0.03,0%
Analele Universitatii Bucuresti-Filosofie-Annals of the University of Bucharest-Philosophy,AN U BUCUR-FILOSOFI,0068-3175,2537-4044,PHILOSOPHY - ESCI,6,N/A,N/A,0.12,0%
Fragmentos de Filosofia,FRAGM FILOS,1132-3329,2173-6464,PHILOSOPHY - ESCI,4,N/A,N/A,0.13,0%
Claridades-Revista de Filosofia,CLARIDADES-REV FILOS,1889-6855,1989-3787,PHILOSOPHY - ESCI,4,N/A,N/A,0.01,63.79%
Stoa,STOA,2007-1868,2007-1868,PHILOSOPHY - ESCI,3,N/A,N/A,0,0%
Ariel-Revista Arbitrada de Originales de Filosofia,ARIEL-REV ARBIT,2301-119X,1688-6658,PHILOSOPHY - ESCI,3,N/A,N/A,0.05,0%
Epekeina-International Journal of Ontology History and Critics,EPEKEINA,2281-3209,2281-3209,PHILOSOPHY - ESCI,3,N/A,N/A,0,0%
Phares-Revue Philosophique Etudiante de l Universite Laval,PHARES,1496-8533,1496-8533,PHILOSOPHY - ESCI,2,N/A,N/A,0.01,0%
Comunicazione Filosofica,COMUN FILOS,1128-9082,1128-9082,PHILOSOPHY - ESCI,1,N/A,N/A,0.01,0%
Aisthema-International Journal,AISTHEMA,2284-3515,2284-3515,PHILOSOPHY - ESCI,1,N/A,N/A,0.02,0%
Synthesis Philosophica,SYNTH PHILOS,0352-7875,N/A,PHILOSOPHY - AHCI,0,N/A,N/A,0.13,N/A
Kalagatos-Revista de Filosofia,KALAGATOS,1808-107X,1984-9206,PHILOSOPHY - ESCI,0,N/A,N/A,0.03,0%
History of Philosophy & Logical Analysis,HIST PHILO LOG ANAL,2666-4283,2666-4275,PHILOSOPHY - ESCI,0,N/A,N/A,0.05,N/A
,,,,,,,,,
Copyright (c) 2022 Clarivate ,,,,,,,,,
By exporting the selected data; you agree to the data usage policy set forth in the Terms of Use ,,,,,,,,,